{
  "k_opt": 0.14999428011113883,
  "default_k": 0.05,
  "fit_residual": 0.0029322675998209513,
  "n_samples": 80
}